ID_Original|ID_Required
ACCT 2120|ACCT 2110
ACCT 3720|ACCT 2110
ACCT 3720|ACCT 2120
ACCT 3730|ACCT 3720
ACCT 3730|ACCT 3720
ACCT 4260|ACCT 2110
ACCT 4400|ACCT 3150
ACCT 4400|ACCT 3730
ACCT 5360|ACCT 4260
ACCT 5390|ACCT 3730
ACCT 5410|ACCT 4400
ACCT 5440|MGMT 2300
ACCT 5470|ACCT 3470
ACCT 5560|ACCT 4260
ACCT 5560|ACCT 4260
ACCT 5680|ACCT 2110
ACCT 6150|ACCT 6060
ASL 1112|ASL 1111
ANTH 3600|ANTH 1002
ANTH 4500|ANTH 3501
ANTH 4550|ANTH 4550
ANTH 4550|HIST 4550
ANTH 5000|ANTH 3600
ANTH 5951|ANTH 5951
ANTH 5952|ANTH 5951
ANTH 5953|ANTH 5951
ANTH 5954|ANTH 5951
ARAB 1102|ARAB 1111
ARAB 1102|ARAB 1112
ARAB 1102|ARAB 1112
ARAB 1112|ARAB 1111
ARAB 2111|ARAB 1112
ARAB 2111|ARAB 1151
ARAB 2112|ARAB 1112
ARAB 2112|ARAB 1102
ARAB 2112|ARAB 1151
ARAB 2112|ARAB 1152
ARAB 2113|ARAB 1112
ARAB 2113|ARAB 1102
ARAB 2113|ARAB 1151
ARAB 2113|ARAB 1152
ARAB 2114|ARAB 1112
ARAB 2114|ARAB 1102
ARAB 2114|ARAB 1151
ARAB 2114|ARAB 1152
ARAB 3111|ARAB 2111
ARAB 3112|ARAB 2111
ARAB 3113|ARAB 2111
ARAB 3114|ARAB 2111
ARAB 3115|ARAB 2111
ARAB 3116|ARAB 2111
ARAB 3116|ARAB 2112
ARAB 3116|ARAB 2113
ARAB 3116|ARAB 2114
ARAB 3117|ARAB 2114
ARAB 3150|ARAB 1112
ARAB 3150|ARAB 1151
ARAB 3160|ARAB 1112
ARAB 4113|ARAB 3111
ART 3260|ART 2260
ART 3290|ART 2290
ART 3320|ART 2320
ART 3330|ART 2330
ART 3350|ART 2350
ART 3430|ART 1140
ART 3710|ART 1140
ART 3730|ART 1130
ART 4160|ART 3160
ART 4260|ART 3260
ART 4260|ART 3265
ART 4260|ART 3710
ART 4290|ART 3290
ART 4320|ART 3320
ART 4330|ART 3330
ART 4350|ART 3350
ART 4370|ART 3370
ART 4530|ART 1150
ART 5751|ART 5750
ART 5752|ART 5750
ART 5753|ART 5750
ART 6695|ART 6630
BIOL 2010|CHEM 2100
BIOL 2010|BIOL 2020
BIOL 2020|BIOL 2010
BIOL 2020|BIOL 2010
BIOL 2200|BIOL 1000
BIOL 3030|BIOL 3030
BIOL 3030|GEOL 3030
BIOL 3100|BIOL 2020
BIOL 3100|CHEM 2300
BIOL 3100|CHEM 2400
BIOL 3100|CHEM 3400
BIOL 3120|BIOL 2020
BIOL 3120|CHEM 2300
BIOL 3120|CHEM 2400
BIOL 3120|CHEM 3400
BIOL 3200|BIOL 2020
BIOL 3200|CHEM 2300
BIOL 3200|CHEM 2400
BIOL 3200|CHEM 3400
BIOL 3200|CHEM 2300
BIOL 3200|CHEM 2400
BIOL 3200|CHEM 3400
BIOL 3300|BIOL 2020
BIOL 3300|CHEM 2300
BIOL 3300|CHEM 2400
BIOL 3300|CHEM 3400
BIOL 3300|CHEM 2300
BIOL 3300|CHEM 2400
BIOL 3300|CHEM 3400
BIOL 3410|BIOL 2020
BIOL 3410|CHEM 2300
BIOL 3410|CHEM 2400
BIOL 3410|CHEM 3400
BIOL 3410|CHEM 2300
BIOL 3410|CHEM 2400
BIOL 3420|BIOL 2020
BIOL 3420|CHEM 2300
BIOL 3420|CHEM 2400
BIOL 3420|CHEM 3400
BIOL 3420|CHEM 2300
BIOL 3420|CHEM 2400
BIOL 3420|CHEM 3400
BIOL 3430|BIOL 2020
BIOL 3430|CHEM 2300
BIOL 3430|CHEM 2400
BIOL 3430|CHEM 3400
BIOL 3430|CHEM 2300
BIOL 3430|CHEM 2400
BIOL 3430|CHEM 3400
BIOL 3440|BIOL 2020
BIOL 3440|CHEM 2300
BIOL 3440|CHEM 2400
BIOL 3440|CHEM 3400
BIOL 3440|CHEM 2300
BIOL 3440|CHEM 2400
BIOL 3440|CHEM 3400
BIOL 3450|BIOL 2020
BIOL 3450|CHEM 2300
BIOL 3450|CHEM 2400
BIOL 3450|CHEM 3400
BIOL 3450|CHEM 2300
BIOL 3450|CHEM 2400
BIOL 3450|CHEM 3400
BIOL 3460|BIOL 2020
BIOL 3460|CHEM 2300
BIOL 3460|CHEM 2400
BIOL 3460|CHEM 3400
BIOL 3460|CHEM 2300
BIOL 3460|CHEM 2400
BIOL 3460|CHEM 3400
BIOL 3520|BIOL 2020
BIOL 3540|BIOL 2020
BIOL 3540|CHEM 2300
BIOL 3540|CHEM 2400
BIOL 3540|CHEM 3400
BIOL 3540|CHEM 2300
BIOL 3540|CHEM 2400
BIOL 3540|CHEM 3400
BIOL 3630|BIOL 2020
BIOL 3630|BIOL 3630
BIOL 3630|BIOL 3640
BIOL 3630|BIOL 3630
BIOL 3700|BIOL 2020
BIOL 3700|CHEM 2300
BIOL 3700|CHEM 2400
BIOL 3700|CHEM 3400
BIOL 3700|CHEM 2300
BIOL 3700|CHEM 2400
BIOL 3700|CHEM 3400
BIOL 3800|BIOL 2020
BIOL 3800|MATH 2210
BIOL 3800|CHEM 2300
BIOL 3800|CHEM 2400
BIOL 3800|CHEM 3400
BIOL 3800|CHEM 2300
BIOL 3800|CHEM 2400
BIOL 3800|CHEM 3400
BIOL 3820|BIOL 2020
BIOL 3820|CHEM 2300
BIOL 3820|CHEM 2400
BIOL 3820|CHEM 3400
BIOL 3900|BIOL 2020
BIOL 3900|CHEM 2300
BIOL 3900|CHEM 2400
BIOL 3900|CHEM 3400
BIOL 3900|CHEM 2300
BIOL 3900|CHEM 2400
BIOL 3900|CHEM 3400
BIOL 4200|BIOL 3200
BIOL 4400|BIOL 3100
BIOL 4400|BIOL 3120
BIOL 4400|BIOL 3200
BIOL 4400|BIOL 3300
BIOL 4580|BIOL 3700
BIOL 4580|BIOL 3800
BIOL 4580|BIOL 3900
BIOL 4580|CHEM 2300
BIOL 4580|CHEM 2400
BIOL 4580|CHEM 3400
BIOL 4630|BIOL 2020
BIOL 4630|CHEM 2300
BIOL 4630|CHEM 2400
BIOL 4630|CHEM 3400
BIOL 4630|BIOL 4640
BIOL 4640|BIOL 4630
BIOL 4640|BIOL 4630
BIOL 4901|BIOL 2020
BIOL 4901|CHEM 2300
BIOL 4901|CHEM 2400
BIOL 4901|CHEM 3400
BIOL 4902|BIOL 2020
BIOL 4902|CHEM 2300
BIOL 4902|CHEM 2400
BIOL 4902|CHEM 3400
BIOL 4903|BIOL 2020
BIOL 4903|CHEM 2300
BIOL 4903|CHEM 2400
BIOL 4912|BIOL 2020
BIOL 4912|CHEM 2300
BIOL 4912|CHEM 2400
BIOL 4912|CHEM 3400
BIOL 4990|BIOL 2020
BIOL 5000|BIOL 2020
BIOL 5050|MATH 2210
BIOL 5050|BIOL 2020
BIOL 5100|BIOL 3100
BIOL 5130|BIOL 3100
BIOL 5150|BIOL 3100
BIOL 5150|BIOL 3120
BIOL 5150|BIOL 3200
BIOL 5150|BIOL 3300
BIOL 5160|BIOL 5130
BIOL 5170|BIOL 5130
BIOL 5260|BIOL 3100
BIOL 5260|BIOL 3120
BIOL 5260|BIOL 3200
BIOL 5260|BIOL 3300
BIOL 5280|BIOL 3100
BIOL 5280|BIOL 3120
BIOL 5280|BIOL 3200
BIOL 5280|BIOL 3300
BIOL 5300|GEOL 5300
BIOL 5300|BIOL 5300
BIOL 5310|BIOL 3120
BIOL 5310|BIOL 5310
BIOL 5320|BIOL 3100
BIOL 5320|BIOL 3120
BIOL 5320|BIOL 3200
BIOL 5320|BIOL 3300
BIOL 5370|BIOL 3120
BIOL 5370|BIOL 3100
BIOL 5370|BIOL 3200
BIOL 5420|BIOL 3420
BIOL 5420|BIOL 3630
BIOL 5420|BIOL 3640
BIOL 5550|PHYS 2000
BIOL 5550|PHYS 2500
BIOL 5550|BIOL 3400
BIOL 5550|BIOL 3410
BIOL 5550|BIOL 3420
BIOL 5550|BIOL 3430
BIOL 5550|BIOL 3440
BIOL 5550|BIOL 3450
BIOL 5550|BIOL 3460
BIOL 5550|BIOL 3480
BIOL 5550|BIOL 3700
BIOL 5550|BIOL 3800
BIOL 5550|BIOL 3950
BIOL 5670|BIOL 3100
BIOL 5720|BIOL 3700
BIOL 5720|BIOL 3800
BIOL 5820|BIOL 3700
BIOL 5820|BIOL 3800
BIOL 5850|BIOL 3800
BIOL 5860|BIOL 3630
BIOL 5860|BIOL 3640
BIOL 5901|BIOL 3120
BIOL 5902|BIOL 3300
BIOL 5902|BIOL 3700
BIOL 5903|BIOL 3100
BIOL 5905|BIOL 3800
BIOL 5906|BIOL 3300
BIOL 5907|BIOL 3700
BIOL 5908|BIOL 3200
BIOL 5910|BIOL 3520
BIOL 5910|BIOL 3540
BIOL 5910|BIOL 4580
BIOL 5911|BIOL 2020
BIOL 5912|BIOL 3700
BIOL 5912|BIOL 3800
BIOL 5951|BIOL 2020
BIOL 5951|BIOL 5951
BIOL 5952|BIOL 2020
BIOL 5952|BIOL 5951
BIOL 5953|BIOL 2020
BIOL 5953|BIOL 5951
BIOL 5954|BIOL 2020
BIOL 5954|BIOL 5951
BIOL 5955|BIOL 2020
BIOL 5955|BIOL 5951
BIOL 5956|BIOL 2020
BIOL 5956|BIOL 5951
BIOL 6360|BIOL 2200
BIOL 6360|BIOL 3200
BIOL 6370|BIOL 3800
BIOL 6400|BIOL 3300
BIOL 6400|BIOL 3520
BIOL 6951|BIOL 6951
BIOL 6952|BIOL 6951
BIOL 6953|BIOL 6951
BIOL 6954|BIOL 6951
BIOL 6955|BIOL 6951
BIOL 6956|BIOL 6951
CAHU 1112|CAHU 1111
CAL 3250|CAL 3250
CAL 3250|SSCI 3250
CAL 3250|NSCI 3250
CHEM 2050|MATH 1102
CHEM 2060|CHEM 2050
CHEM 2060|CHEM 2100
CHEM 2060|CHEM 2060
CHEM 2060|CHEM 2060
CHEM 2060|CHEM 2060
CHEM 2060|CHEM 2050
CHEM 2060|CHEM 2050
CHEM 2060|CHEM 2100
CHEM 2060|CHEM 2100
CHEM 2060|CHEM 2060
CHEM 2060|CHEM 2060
CHEM 2060|CHEM 2060
CHEM 2060|CHEM 2060
CHEM 2060|CHEM 2060
CHEM 2100|MATH 1401
CHEM 2100|MATH 1403
CHEM 2100|MATH 1601
CHEM 2100|MATH 2210
CHEM 2100|MATH 2220
CHEM 2200|CHEM 2100
CHEM 2200|MATH 1301
CHEM 2200|MATH 1401
CHEM 2200|MATH 1601
CHEM 2200|MATH 2210
CHEM 2200|MATH 2220
CHEM 2200|CHEM 2200
CHEM 2200|CHEM 2200
CHEM 2200|CHEM 2100
CHEM 2200|CHEM 2200
CHEM 2200|CHEM 2200
CHEM 2200|CHEM 2200
CHEM 2200|CHEM 2200
CHEM 2300|CHEM 2200
CHEM 2300|CHEM 2200
CHEM 2300|CHEM 2300
CHEM 2300|CHEM 2500
CHEM 2300|CHEM 3500
CHEM 2400|CHEM 2200
CHEM 2400|CHEM 2200
CHEM 2400|CHEM 2400
CHEM 2400|CHEM 2500
CHEM 2400|CHEM 2400
CHEM 2400|CHEM 3400
CHEM 2400|CHEM 3500
CHEM 2400|CHEM 2400
CHEM 2400|CHEM 2200
CHEM 2400|CHEM 2200
CHEM 2400|CHEM 2300
CHEM 2400|CHEM 2400
CHEM 2400|CHEM 2400
CHEM 2500|CHEM 2400
CHEM 2500|CHEM 2400
CHEM 2500|CHEM 2500
CHEM 2500|CHEM 2400
CHEM 2500|CHEM 2400
CHEM 2500|CHEM 2500
CHEM 2500|CHEM 2400
CHEM 2500|CHEM 2500
CHEM 3200|CHEM 2100
CHEM 3200|CHEM 2200
CHEM 3200|CHEM 2100
CHEM 3200|CHEM 3200
CHEM 3400|CHEM 2200
CHEM 3400|CHEM 2200
CHEM 3400|CHEM 3400
CHEM 3500|CHEM 3400
CHEM 3500|CHEM 3400
CHEM 3500|CHEM 3500
CHEM 3600|CHEM 2500
CHEM 3600|CHEM 3600
CHEM 4100|CHEM 2300
CHEM 4100|CHEM 2500
CHEM 4100|CHEM 3500
CHEM 4100|BIOL 2010
CHEM 4100|CHEM 4100
CHEM 4100|CHEM 2400
CHEM 4100|CHEM 4100
CHEM 4100|CHEM 4100
CHEM 4200|CHEM 4100
CHEM 4200|CHEM 4200
CHEM 4200|CHEM 4100
CHEM 4200|CHEM 4200
CHEM 4200|CHEM 4200
CHEM 4300|CHEM 2500
CHEM 4300|CHEM 3200
CHEM 4300|CHEM 4300
CHEM 4350|CHEM 2500
CHEM 4350|CHEM 3200
CHEM 4350|CHEM 4350
CHEM 4400|CHEM 3200
CHEM 4400|MATH 2220
CHEM 4400|PHYS 2010
CHEM 4400|PHYS 2510
CHEM 4400|PHYS 2010
CHEM 4400|PHYS 2510
CHEM 4400|CHEM 4400
CHEM 4500|CHEM 4400
CHEM 4500|CHEM 4500
CHEM 4500|MATH 2310
CHEM 4600|CHEM 3200
CHEM 4600|MATH 2220
CHEM 4600|CHEM 4100
CHEM 4600|PHYS 2010
CHEM 4600|PHYS 2510
CHEM 4600|CHEM 4600
CHEM 4700|CHEM 4600
CHEM 4700|CHEM 4700
CHEM 4700|MATH 2310
CHEM 5001|CHEM 5001
CHEM 5001|CHEM 5002
CHEM 5100|CHEM 2500
CHEM 5100|PHYS 2010
CHEM 5100|MATH 2210
CHEM 5100|CHEM 5100
CHEM 5200|CHEM 3200
CHEM 5200|CHEM 2500
CHEM 5200|CHEM 3500
CHEM 5200|PHYS 2010
CHEM 5200|PHYS 2510
CHEM 5200|CHEM 5200
CHEM 5400|CHEM 3200
CHEM 5400|CHEM 2500
CHEM 5400|CHEM 5400
CHEM 5700|CHEM 4200
CHEM 5700|CHEM 4200
CHEM 5700|CHEM 5700
CHEM 5800|CHEM 3200
CHEM 5800|CHEM 2500
CHEM 5800|CHEM 5850
CHEM 5800|CHEM 5860
CHEM 5800|CHEM 5800
CHEM 6753|CHEM 5751
CHEM 6753|CHEM 5752
CHEM 6753|CHEM 5753
CHEM 6753|GEOL 5751
CHEM 6753|GEOL 5752
CHEM 6753|GEOL 5753
CHEM 6970|CHEM 6950
CD 2215|CD 2240
CD 2250|CD 2240
CD 2251|CD 2250
CD 2252|CD 2251
CD 2260|CD 2240
CD 2261|CD 2260
CD 2262|CD 2261
CD 3304|CD 2240
CD 5952|CD 5952
CD 5953|CD 5953
CHIN 1112|CHIN 1111
CHIN 2111|CHIN 1112
CHIN 2112|CHIN 2111
CHIN 2114|CHIN 1112
COMM 3102|COMM 2101
COMM 3102|COMM 3102
COMM 3353|COMM 2351
COMM 3402|COMM 2301
COMM 4101|COMM 3101
COMM 4102|COMM 3101
COMM 4401|COMM 2301
COMM 4401|COMM 3401
COMM 4401|COMM 3402
COMM 5222|COMM 4222
COMM 5280|COMM 2201
COMM 5401|COMM 2301
COMM 5401|COMM 3401
COMM 5401|COMM 3402
COMM 5792|COMM 5792
COMM 5793|COMM 5792
COMM 5794|COMM 5792
COMM 5952|COMM 5952
COMM 5953|COMM 5952
COMM 5954|COMM 5952
COMM 6002|COMM 6000
COMM 6002|COMM 6001
COMM 6003|COMM 6000
COMM 6075|COMM 6002
COMM 6075|COMM 6003
COMM 6090|COMM 4203
COMM 6091|COMM 3401
COMM 6094|COMM 2201
COMM 6752|COMM 6752
COMM 6753|COMM 6752
COMM 6754|COMM 6752
COMM 6973|COMM 6085
COMM 6980|COMM 6084
CSE 2010|CSE 1250
CSE 2020|CSE 2010
CSE 2130|CSE 2010
CSE 3100|CSE 2010
CSE 3350|MATH 2220
CSE 3350|MATH 2310
CSE 3650|CSE 2010
CSE 3660|CSE 3650
CSE 4010|CSE 3100
CSE 4010|CSE 2130
CSE 4030|CSE 3100
CSE 4030|CSE 3350
CSE 4050|CSE 2020
CSE 4100|CSE 2020
CSE 4200|CSE 2020
CSE 4200|MATH 2310
CSE 4310|CSE 2020
CSE 4310|MATH 2310
CSE 4400|CSE 2020
CSE 4410|CSE 2020
CSE 4500|CSE 2020
CSE 4550|CSE 2020
CSE 4560|CSE 3100
CSE 4560|CSE 2130
CSE 4610|CSE 4600
CSE 5000|CSE 2020
CSE 5010|CSE 5000
CSE 5100|CSE 4010
CSE 5120|CSE 2020
CSE 5140|MATH 2210
CSE 5140|CSE 2020
CSE 5150|CSE 4310
CSE 5200|CSE 4200
CSE 5210|CSE 4010
CSE 5250|CSE 4010
CSE 5300|CSE 2020
CSE 5300|CSE 3350
CSE 5350|CSE 2020
CSE 5350|MATH 2310
CSE 5408|CSE 5208
CSE 5410|CSE 3100
CSE 5410|MATH 2310
CSE 5510|CSE 5350
CSE 5700|CSE 2020
CSE 5700|CSE 2130
CSE 5720|CSE 2020
CSE 5800|CSE 5720
CSE 5940|CSE 2020
CSE 6020|CSE 5010
CSE 6030|CSE 6020
CSE 6100|CSE 5100
CSE 6250|CSE 5250
CSE 6310|CSE 5300
CSE 6310|CSE 4100
CSE 6350|CSE 5350
CSE 6800|CSE 5800
CSE 6980|CSE 6020
CSE 6980|CSE 6100
CSE 6980|CSE 6300
CSE 6980|CSE 6550
CSE 6980|CSE 6600
COUN 6233|COUN 6220
CJUS 3311|CJUS 3320
CJUS 3311|CJUS 1101
CJUS 3311|CJUS 1102
CJUS 3330|CJUS 3320
CJUS 3340|CJUS 3320
CJUS 3350|CJUS 1101
CJUS 3350|CJUS 1102
CJUS 3354|CJUS 3320
CJUS 4430|CJUS 3330
CJUS 4431|CJUS 3330
CJUS 4435|CJUS 3330
CJUS 4440|CJUS 3340
CJUS 4441|CJUS 3340
CJUS 5550|CJUS 3311
CJUS 5550|CJUS 3312
CJUS 5550|CJUS 3470
CJUS 5556|CJUS 3320
CJUS 5560|CJUS 3350
CJUS 5560|CJUS 3470
CJUS 5570|CJUS 3311
CJUS 5570|CJUS 3312
CJUS 5570|CJUS 3470
CJUS 5571|CJUS 3311
CJUS 5571|CJUS 3312
CJUS 5571|CJUS 5550
CJUS 5580|CJUS 3320
CJUS 5598|CJUS 3311
CJUS 5598|CJUS 3320
CJUS 6604|CJUS 3311
CJUS 6606|CJUS 3312
CJUS 6641|CJUS 6604
CJUS 6641|CJUS 6606
CJUS 6971|CJUS 6972
ECON 3312|ECON 2000
ECON 3312|ECON 2201
ECON 3312|MATH 1301
ECON 4900|ECON 3400
ECON 4900|ECON 3312
EADM 6602|EADM 6601
EADM 6602|EADM 6602
EADM 6613|EADM 6601
EADM 6613|EADM 6607
EADM 6619|EADM 6601
EADM 6619|EADM 6607
EADM 6619|EADM 6610
EADM 6620|EADM 6601
EADM 6620|EADM 6610
EADM 6621|EADM 6601
EADM 6621|EADM 6610
EADM 6621|EADM 6620
EADM 6622|EADM 6601
EADM 6622|EADM 6610
EADM 6633|EADM 6601
EADM 6635|EADM 6601
EADM 6636|EADM 6601
ECTS 3350|ECTS 3350
ECTS 5180|ECTS 5180
ECTS 5180|ECTS 6180
ECTS 5421|ECTS 5421
ECTS 5421|ECTS 6421
ECTS 5422|ECTS 5422
ECTS 5422|ECTS 6422
ECTS 5423|ECTS 5423
ECTS 5423|ECTS 6423
ECTS 5423|ECTS 5423
ECTS 6180|ECTS 5180
ECTS 6180|ECTS 6180
ECTS 6421|ECTS 5421
ECTS 6421|ECTS 6421
ECTS 6422|ECTS 5422
ECTS 6422|ECTS 6422
ECTS 6423|ECTS 5423
ECTS 6423|ECTS 6423
ECTS 6423|ECTS 5423
EDMS 4107|EDMS 4110
EDMS 4107|EDMS 4111
EDMS 4107|EDMS 4111
EDMS 4108|EDMS 4108
ERDG 6130|ERDG 6100
ERDG 6200|ERDG 6100
ERDG 6210|ERDG 6100
ERDG 6220|ERDG 6100
ERDG 6220|ERDG 6110
ERDG 6220|ERDG 6120
ERDG 6230|ERDG 6100
EREH 6619|EREH 6617
EREH 6622|EREH 6619
EREH 6623|EREH 6617
EREH 6624|EREH 6615
EREH 6980|EREH 6980
ESTM 6980|ESTM 6954
ESEC 6072|ESEC 6071
ESPE 5532|ESPE 5530
ESPE 5532|ESPE 5531
ESPE 6610|ESPE 5530
ESPE 6610|ESPE 5531
ESPE 6610|ESPE 6609
ESPE 6610|ESPE 6609
ESPE 6619|ESPE 5532
ESPE 6619|ESPE 6631
ESPE 6619|ESPE 6632
ESPE 6619|ESPE 6633
ESPE 6619|ESPE 6634
ESPE 6620|ESPE 6609
ESPE 6620|ESPE 6636
ESPE 6620|ESPE 6634
ESPE 6620|ESPE 6636
ESPE 6621|ESPE 6609
ESPE 6621|ESPE 6636
ESPE 6621|ESPE 6634
ESPE 6621|ESPE 6636
ESPE 6631|ESPE 5530
ESPE 6631|ESPE 5531
ESPE 6632|ESPE 5530
ESPE 6632|ESPE 5531
ESPE 6635|ESPE 5530
ESPE 6635|ESPE 5531
ESPE 6635|ESPE 5532
ESPE 6635|ESPE 6631
ESPE 6635|ESPE 6636
ESPE 6635|ESPE 6636
ESPE 6637|ESPE 5530
ESPE 6637|ESPE 5531
ESPE 6637|ESPE 6638
ESPE 6639|ESPE 5530
ESPE 6639|ESPE 5531
ESPE 6639|ESPE 6631
ESPE 6639|ESPE 6632
ESPE 6643|ESPE 6642
ESPE 6662|ESPE 5532
ESPE 6662|ESPE 6631
ESPE 6662|ESPE 6632
ESPE 6662|ESPE 6633
ESPE 6662|ESPE 6635
ESPE 6663|ESPE 5532
ESPE 6663|ESPE 6631
ESPE 6663|ESPE 6632
ESPE 6663|ESPE 6633
ESPE 6663|ESPE 6635
ESPE 6663|ESPE 6662
ESPE 6672|ESPE 6610
ESPE 6673|ESPE 6610
ESPE 6980|ESPE 6665
ENG 1060|ENG 1050
ENG 1060|ENG 1050
ENG 1060|ENG 1060
ENG 1060|ENG 1050
ENG 1060|ENG 1050
ENG 1060|ENG 1060
ENG 5230|ENG 3110
ENG 5230|ENG 3220
ENG 5240|ENG 3110
ENG 5260|ENG 3110
ENG 6620|ENG 6000
ENG 6620|ENG 6120
ENG 6620|ENG 6150
ENTR 6230|ENTR 6210
FIN 3001|MATH 1301
FIN 3001|MATH 1401
FIN 3001|MATH 1601
FIN 3001|MATH 2210
FIN 3001|ACCT 2120
FIN 3001|ADMN 2100
FIN 3002|FIN 3001
FIN 3002|FIN 3001
FIN 3800|FIN 3001
FIN 3850|FIN 3800
FIN 4200|FIN 3001
FIN 4320|FIN 3001
FIN 4320|FIN 3002
FIN 4330|FIN 3001
FIN 4450|FIN 3002
FIN 4800|FIN 3800
FIN 4810|FIN 3800
FIN 4820|FIN 3800
FIN 4850|FIN 3800
FIN 5230|FIN 3001
FIN 5230|FIN 6020
FIN 5270|FIN 3001
FIN 5270|FIN 3002
FIN 5270|FIN 6020
FIN 5460|FIN 3001
FIN 5753|FIN 5753
FIN 5850|FIN 3001
FIN 5850|FIN 6020
FIN 5850|FIN 3800
FIN 5860|FIN 3800
FIN 5880|FIN 3800
FIN 6220|FIN 6020
FIN 6510|FIN 6020
FIN 6530|FIN 6020
FIN 6540|FIN 6020
FIN 6775|FIN 6774
FIN 6776|FIN 6775
FIN 6776|FIN 5300
FIN 6777|FIN 6776
FIN 6777|FIN 5350
FIN 6778|FIN 6776
FIN 6779|FIN 6776
FIN 6780|FIN 6776
FIN 6780|FIN 5270
FIN 6800|FIN 6020
FREN 1112|FREN 1111
FREN 2111|FREN 1112
FREN 2111|FREN 1151
FREN 2112|FREN 1112
FREN 2112|FREN 1151
FREN 2113|FREN 1112
FREN 2113|FREN 1151
FREN 2114|FREN 1112
FREN 2114|FREN 1151
FREN 3000|FREN 2111
FREN 3000|FREN 2112
FREN 3000|FREN 2113
FREN 3000|FREN 2114
FREN 3111|FREN 3000
FREN 3112|FREN 3000
FREN 3113|FREN 3000
FREN 3114|FREN 3000
FREN 3150|FREN 3000
FREN 3160|FREN 3000
FREN 3320|FREN 3000
FREN 3550|FREN 3000
FREN 3961|FREN 3960
FREN 3961|FREN 3960
FREN 4150|FREN 3000
FREN 4250|FREN 3000
FREN 4450|FREN 3000
FREN 4550|FREN 3000
GEOG 3004|GEOG 1030
GEOG 3004|GEOG 2249
GEOG 3300|GEOG 1030
GEOG 3300|GEOL 1000
GEOG 3710|GEOG 2250
GEOG 3730|GEOG 2250
GEOG 4250|GEOG 1030
GEOG 4300|BIOL 1000
GEOG 4300|GEOG 1030
GEOG 4300|GEOL 1000
GEOG 4300|GEOG 2250
GEOG 4360|GEOG 1030
GEOG 4360|GEOL 1000
GEOG 4400|GEOG 1030
GEOG 4400|GEOL 1000
GEOG 4860|GEOG 2250
GEOG 4870|GEOG 1030
GEOG 4870|GEOL 1000
GEOG 4870|HSCI 1200
GEOG 4870|GEOG 2250
GEOG 4880|GEOG 2250
GEOL 2500|GEOG 1030
GEOL 3030|BIOL 3030
GEOL 3030|GEOL 3030
GEOL 3100|GEOG 1030
GEOL 3200|GEOL 1000
GEOL 3200|GEOL 1000
GEOL 3200|CHEM 2050
GEOL 3200|CHEM 2100
GEOL 3200|CHEM 2050
GEOL 3200|CHEM 2100
GEOL 3200|GEOL 3200
GEOL 3220|GEOL 3200
GEOL 3240|GEOL 3200
GEOL 3400|GEOG 1030
GEOL 3400|BIOL 1000
GEOL 3500|GEOG 1030
GEOL 3500|BIOL 1000
GEOL 3500|CHEM 2050
GEOL 3600|PHYS 1000
GEOL 3600|PHYS 2000
GEOL 3600|PHYS 2500
GEOL 3700|GEOL 1000
GEOL 3700|GEOL 1060
GEOL 3700|GEOL 1020
GEOL 3750|GEOL 3700
GEOL 3902|GEOL 3901
GEOL 3903|GEOL 3901
GEOL 3904|GEOL 3901
GEOL 3906|GEOL 3901
GEOL 3990|GEOL 4000
GEOL 4000|GEOL 3990
GEOL 4200|GEOL 3600
GEOL 4800|GEOL 4000
GEOL 4900|GEOL 4000
GEOL 4900|GEOL 4000
GEOL 5000|GEOL 5000
GEOL 5000|GEOL 5000
GEOL 5220|GEOL 1000
GEOL 5220|GEOL 1000
GEOL 5220|GEOG 1030
GEOL 5220|GEOG 1030
GEOL 5220|GEOL 3100
GEOL 5220|GEOL 3600
GEOL 5240|GEOL 3240
GEOL 5260|GEOL 3240
GEOL 5280|GEOL 3100
GEOL 5300|GEOL 5300
GEOL 5300|BIOL 5300
GEOL 5420|CHEM 2200
GEOL 5420|MATH 2220
GEOL 5440|CHEM 2050
GEOL 5440|CHEM 2100
GEOL 5440|GEOL 3220
GEOL 5440|CHEM 2200
GEOL 5600|GEOL 3200
GEOL 6752|CHEM 5753
GEOL 6752|GEOL 5753
GEOL 6970|GEOL 6950
HSCI 1200|HSCI 1200
HSCI 3060|HSCI 1200
HSCI 3060|HSCI 1200
HSCI 3060|ECON 2201
HSCI 3060|ACCT 2110
HSCI 3060|HSCI 2203
HSCI 3200|HSCI 2200
HSCI 3291|HSCI 3291
HSCI 3522|HSCI 3522
HSCI 3558|HSCI 3052
HSCI 3601|CHEM 2060
HSCI 3601|CHEM 2060
HSCI 3601|BIOL 2230
HSCI 3602|HSCI 3601
HSCI 3602|HSCI 3607
HSCI 3602|HSCI 3607
HSCI 3607|HSCI 3601
HSCI 3607|MATH 1201
HSCI 3607|MATH 1203
HSCI 3607|HSCI 2203
HSCI 3607|HSCI 3205
HSCI 3607|HSCI 3602
HSCI 3607|HSCI 3607
HSCI 3615|CHEM 2050
HSCI 3615|CHEM 2050
HSCI 3615|HSCI 3615
HSCI 4036|HSCI 3040
HSCI 4036|HSCI 3060
HSCI 4037|HSCI 3040
HSCI 4037|HSCI 3060
HSCI 4055|HSCI 3040
HSCI 4055|HSCI 3060
HSCI 4060|HSCI 3040
HSCI 4068|HSCI 3040
HSCI 4068|HSCI 3060
HSCI 4068|HSCI 3205
HSCI 4080|HSCI 3040
HSCI 4080|HSCI 3060
HSCI 4501|HSCI 3052
HSCI 4502|HSCI 3052
HSCI 4503|HSCI 3052
HSCI 4577|HSCI 3052
HSCI 4621|HSCI 3615
HSCI 4621|L 3615
HSCI 4621|HSCI 4621
HSCI 4622|HSCI 4621
HSCI 4625|HSCI 2625
HSCI 4661|HSCI 3602
HSCI 4662|HSCI 4661
HSCI 4680|HSCI 3602
HSCI 4680|HSCI 3607
HSCI 4680|HSCI 3607
HSCI 4681|HSCI 3602
HSCI 4682|HSCI 4681
HSCI 4682|HSCI 4682
HSCI 4682|HSCI 4681
HSCI 5010|HSCI 3040
HSCI 5010|HSCI 3060
HSCI 5010|HSCI 2200
HSCI 5010|MGMT 3020
HSCI 5013|HSCI 3040
HSCI 5530|HSCI 3052
HSCI 5557|BIOL 2010
HSCI 5557|BIOL 2230
HSCI 5557|CHEM 2100
HSCI 5557|HSCI 5557
HSCI 5558|HSCI 3558
HSCI 5953|HSCI 5951
HSCI 6320|HSCI 6210
HSCI 6960|HSCI 6954
HIST 4550|ANTH 4550
HIST 4550|HIST 4550
HIST 5850|HIST 5840
HON 3100|HON 3150
HON 3100|HON 3150
HON 3100|HON 3150
HON 3150|HON 3100
HON 3150|HON 3100
HON 3150|HON 3100
HON 3200|HON 3250
HON 3200|HON 3250
HON 3200|HON 3250
HON 3300|HON 3350
HON 3300|HON 3350
HON 3300|HON 3350
HON 4500|HON 4100
HON 4500|HON 4200
HOSM 4500|MKTG 4500
HRM 4550|PSYC 3355
HRM 4580|HRM 4550
HRM 4580|PSYC 3355
HRM 4590|HRM 4550
HRM 4590|PSYC 3355
HRM 4600|HRM 4550
HRM 4600|PSYC 3355
IST 2210|IST 1110
IST 2310|IST 1110
IST 2410|IST 1110
IST 2610|IST 1110
IST 3110|IST 1110
IST 3420|IST 1110
IST 3500|ADMN 2100
IST 3500|IST 3500
IST 4120|IST 2210
IST 4120|IST 2610
IST 4210|IST 2210
IST 4310|IST 2310
IST 4320|IST 2310
IST 4410|IST 2410
IST 4610|IST 2610
IST 4620|IST 2610
IST 4620|IST 2210
IST 4910|IST 4210
IST 5250|IST 2610
IST 6450|IST 6090
IST 6470|IST 6090
IST 6480|IST 6090
IST 6620|IST 6090
IST 6620|IST 6620
IST 6620|SCM 6620
IST 6670|IST 6030
IST 6670|IST 6110
IST 6670|IST 6470
IST 6680|IST 6030
IST 6680|IST 6450
IST 6700|IST 6090
IST 6720|IST 6090
IST 6720|IST 6480
IST 6780|IST 6090
IST 6780|IST 6110
IST 6890|IST 6030
IST 6890|IST 6110
IST 6890|IST 6450
IST 6890|IST 6470
IST 6890|IST 6480
JAPN 2204|JAPN 1112
JAPN 3111|JAPN 2111
JAPN 3111|JAPN 2112
JAPN 3112|JAPN 2111
JAPN 3112|JAPN 2112
JAPN 3114|JAPN 2111
JAPN 3114|JAPN 2112
JAPN 3150|JAPN 2111
JAPN 3150|JAPN 2112
JAPN 3160|JAPN 2111
JAPN 3160|JAPN 2112
JAPN 3204|JAPN 2111
JAPN 3204|JAPN 2112
KINE 2300|BIOL 2230
KINE 2300|BIOL 2240
KINE 3011|KINE 2100
KINE 3300|KINE 3100
KINE 3700|MATH 1301
KINE 3700|MATH 1401
KINE 3800|BIOL 2230
KINE 3800|BIOL 2240
KINE 4400|KINE 3800
KINE 4800|KINE 3200
KINE 4800|MATH 1301
KINE 4900|KINE 2540
KINE 4900|KINE 3100
KOR 1112|KOR 1111
KOR 2111|KOR 1112
KOR 2112|KOR 2111
KOR 2112|KOR 2111
KOR 2204|KOR 1112
KOR 3950|KOR 2112
KOR 4409|KOR 2112
LUIS 1112|LUIS 1111
LUIS 2111|LUIS 1112
MGMT 3300|MGMT 2300
MGMT 3350|MGMT 3500
MGMT 4020|MGMT 3020
MGMT 4520|MGMT 3020
MGMT 4590|MGMT 3020
MGMT 6550|MGMT 6010
MKTG 4160|MKTG 3050
MKTG 4160|MKTG 3160
MKTG 4200|MKTG 3050
MKTG 4200|MKTG 3160
MKTG 4300|MKTG 3050
MKTG 4460|MKTG 4200
MKTG 4500|MKTG 4500
MKTG 4600|MKTG 3050
MKTG 4700|MKTG 3050
MKTG 4960|MKTG 4100
MKTG 4960|MKTG 4160
MKTG 5160|MKTG 4160
MKTG 5200|MKTG 3050
MKTG 5200|MKTG 6050
MKTG 5250|MKTG 3050
MKTG 5250|MKTG 6050
MKTG 5500|MKTG 5250
MKTG 5550|MKTG 5250
MKTG 5600|MKTG 3050
MKTG 5600|MKTG 6050
MKTG 5720|MKTG 5700
MKTG 5720|MKTG 5752
MKTG 5730|MKTG 3050
MKTG 5740|MKTG 5700
MKTG 6100|MKTG 6050
MKTG 6400|MKTG 6050
MKTG 6700|MKTG 6050
MKTG 6900|MKTG 6050
MKTG 6900|MKTG 6100
MKTG 6900|MKTG 6400
MATH 1103|MATH 1102
MATH 1103|MATH 1101
MATH 1103|MATH 1102
MATH 1103|MATH 1101
MATH 1303|MATH 1302
MATH 1303|MATH 1301
MATH 1303|MATH 1302
MATH 1303|MATH 1301
MATH 1403|MATH 1402
MATH 1403|MATH 1401
MATH 1601|MATH 1301
MATH 1601|MATH 1303
MATH 1601|MATH 1401
MATH 1601|MATH 1402
MATH 1601|MATH 2210
MATH 1601|MATH 2220
MATH 1601|MATH 2310
MATH 1601|MATH 2320
MATH 2210|MATH 1401
MATH 2210|MATH 1403
MATH 2265|MATH 2210
MATH 2270|MATH 2310
MATH 2310|MATH 2210
MATH 2310|MATH 2220
MATH 2310|MATH 2310
MATH 2320|MATH 2220
MATH 2320|MATH 2310
MATH 2320|MATH 2320
MATH 2900|MATH 1401
MATH 2900|MATH 1403
MATH 2900|MATH 2210
MATH 2900|MATH 2900
MATH 3013|MATH 3012
MATH 3013|MATH 3013
MATH 3100|MATH 2220
MATH 3320|MATH 2220
MATH 3329|MATH 3100
MATH 3329|MATH 2310
MATH 3345|MATH 3100
MATH 3460|MATH 2320
MATH 3480|MATH 2220
MATH 4270|MATH 2270
MATH 4300|MATH 2320
MATH 4300|MATH 3100
MATH 4300|MATH 4300
MATH 4320|MATH 3460
MATH 4455|MATH 2270
MATH 4455|MATH 2320
MATH 4485|MATH 2320
MATH 4485|MATH 3100
MATH 4600|MATH 2320
MATH 4600|MATH 3100
MATH 4600|MATH 4600
MATH 5170|MATH 2320
MATH 5170|MATH 3100
MATH 5300|MATH 4300
MATH 5310|MATH 2310
MATH 5310|MATH 3100
MATH 5529|MATH 2320
MATH 5529|MATH 3329
MATH 5550|MATH 4300
MATH 5565|MATH 2265
MATH 5565|MATH 3460
MATH 5951|MATH 3100
MATH 5951|MATH 5951
MATH 5951|MATH 5952
MATH 5951|MATH 5953
MATH 5952|MATH 3100
MATH 5952|MATH 5951
MATH 5952|MATH 5952
MATH 5952|MATH 5953
MATH 5953|MATH 3100
MATH 5953|MATH 5951
MATH 5953|MATH 5952
MATH 5953|MATH 5953
MATH 6016|MATH 5600
MATH 6016|MATH 5600
MATH 6018|MATH 5300
MATH 6178|MATH 6178
MATH 6301|MATH 3100
MATH 6301|MATH 4600
MATH 6303|MATH 2220
MATH 6303|MATH 2310
MATH 6303|MATH 2320
MATH 6303|MATH 6301
MATH 6304|MATH 2265
MATH 6304|MATH 3460
MATH 6304|MATH 6301
MATH 6951|MATH 6951
MATH 6952|MATH 6951
MATH 6953|MATH 6951
MATH 6954|MATH 6951
MATH 6963|MATH 6963
MATH 6972|MATH 6972
MATH 6974|MATH 6972
MATH 6974|MATH 6972
MATH 6974|MATH 6972
MUS 1400|MUS 1000
MUS 1400|MUS 3850
MUS 1400|MUS 3860
MUS 1400|MUS 3850
MUS 1400|MUS 1000
MUS 1410|MUS 1000
MUS 1410|MUS 3800
MUS 1410|MUS 3810
MUS 1410|MUS 3850
MUS 1410|MUS 3860
MUS 1410|MUS 1000
MUS 1410|MUS 3800
MUS 1410|MUS 3810
MUS 1410|MUS 3850
MUS 1410|MUS 3860
MUS 1420|MUS 1000
MUS 1420|MUS 3800
MUS 1430|MUS 1000
MUS 1430|MUS 3810
MUS 1440|MUS 1000
MUS 1440|MUS 3800
MUS 1440|MUS 3810
MUS 1440|MUS 1000
MUS 1440|MUS 3800
MUS 1440|MUS 3810
MUS 1450|MUS 1000
MUS 1450|MUS 3800
MUS 1450|MUS 1000
MUS 1450|MUS 3800
MUS 1450|MUS 3810
MUS 2120|MUS 2125
MUS 2125|MUS 2120
MUS 2135|MUS 2125
MUS 2135|MUS 2130
MUS 2145|MUS 2135
MUS 2145|MUS 2140
MUS 2155|MUS 2145
MUS 2155|MUS 2150
MUS 2210|MUS 2200
MUS 2220|MUS 2210
MUS 2400|MUS 1000
MUS 2400|MUS 3850
MUS 2400|MUS 3860
MUS 2400|MUS 1000
MUS 2400|MUS 3850
MUS 2410|MUS 1000
MUS 2410|MUS 3800
MUS 2410|MUS 3810
MUS 2410|MUS 3850
MUS 2410|MUS 3860
MUS 2410|MUS 1000
MUS 2410|MUS 3800
MUS 2410|MUS 3810
MUS 2410|MUS 3850
MUS 2410|MUS 3860
MUS 2420|MUS 1000
MUS 2420|MUS 3800
MUS 2430|MUS 1000
MUS 2430|MUS 3800
MUS 2430|MUS 3810
MUS 2440|MUS 1000
MUS 2440|MUS 3800
MUS 2440|MUS 3810
MUS 2450|MUS 1000
MUS 2450|MUS 3800
MUS 2450|MUS 3810
MUS 2460|MUS 2130
MUS 2460|MUS 2140
MUS 2460|MUS 1400
MUS 2460|MUS 1000
MUS 2460|MUS 3800
MUS 2460|MUS 3810
MUS 2460|MUS 3850
MUS 2460|MUS 3860
MUS 2600|MUS 2120
MUS 2600|MUS 2125
MUS 3010|MUS 2100
MUS 3030|MUS 2100
MUS 3110|MUS 3400
MUS 3110|MUS 3410
MUS 3110|MUS 3420
MUS 3110|MUS 3430
MUS 3110|MUS 3440
MUS 3110|MUS 3450
MUS 3110|MUS 4400
MUS 3110|MUS 4410
MUS 3110|MUS 4420
MUS 3110|MUS 4430
MUS 3110|MUS 4440
MUS 3110|MUS 4450
MUS 3300|MUS 2130
MUS 3400|MUS 1000
MUS 3400|MUS 3850
MUS 3410|MUS 1000
MUS 3410|MUS 3800
MUS 3410|MUS 3810
MUS 3410|MUS 3850
MUS 3410|MUS 3860
MUS 3420|MUS 1000
MUS 3420|MUS 3800
MUS 3420|MUS 1000
MUS 3420|MUS 3800
MUS 3430|MUS 1000
MUS 3430|MUS 3800
MUS 3430|MUS 3810
MUS 3440|MUS 1000
MUS 3440|MUS 3800
MUS 3440|MUS 3810
MUS 3450|MUS 1000
MUS 3450|MUS 3800
MUS 3450|MUS 3810
MUS 3460|MUS 1000
MUS 3460|MUS 3800
MUS 3480|MUS 1000
MUS 3480|MUS 3800
MUS 3480|MUS 3810
MUS 3480|MUS 3850
MUS 3480|MUS 3860
MUS 3750|MUS 3400
MUS 3750|MUS 3020
MUS 3750|MUS 3870
MUS 3870|MUS 3970
MUS 3970|MUS 3870
MUS 3970|MUS 3870
MUS 4060|MUS 2120
MUS 4060|MUS 2125
MUS 4080|MUS 4060
MUS 4080|MUS 4060
MUS 4100|MUS 2114
MUS 4110|MUS 2114
MUS 4110|MUS 4100
MUS 4170|MUS 4140
MUS 4400|MUS 1000
MUS 4400|MUS 3850
MUS 4400|MUS 3860
MUS 4410|MUS 1000
MUS 4410|MUS 3800
MUS 4410|MUS 3810
MUS 4410|MUS 3850
MUS 4410|MUS 3860
MUS 4420|MUS 1000
MUS 4420|MUS 3800
MUS 4430|MUS 1000
MUS 4430|MUS 3800
MUS 4430|MUS 3810
MUS 4440|MUS 1000
MUS 4440|MUS 3800
MUS 4440|MUS 3810
MUS 4450|MUS 1000
MUS 4450|MUS 3800
MUS 4450|MUS 3810
MUS 4460|MUS 1000
MUS 4460|MUS 3800
MUS 4460|MUS 3810
MUS 4460|MUS 3850
MUS 4460|MUS 3860
MUS 4460|MUS 4460
MUS 4480|MUS 3480
MUS 4480|MUS 1000
MUS 4480|MUS 3800
MUS 4480|MUS 3810
MUS 4480|MUS 3850
MUS 4480|MUS 3860
MUS 4660|MUS 2660
MUS 4670|MUS 2670
MUS 4840|MUS 2400
MUS 4840|MUS 2390
MUS 5751|MUS 2660
NSCI 3250|CAL 3250
NSCI 3250|SSCI 3250
NSCI 3250|NSCI 3250
NSCI 4468|NSCI 3368
NSCI 4468|PSYC 3368
NSCI 4468|SSCI 3368
NSCI 4468|PSYC 4468
NSCI 4468|NSCI 4468
NSCI 4468|SSCI 4468
NURS 2602|PSYC 2201
NURS 2602|NURS 2821
NURS 2602|NURS 3016
NURS 2821|BIOL 2200
NURS 2821|BIOL 2230
NURS 2821|BIOL 2240
NURS 2821|PSYC 2201
NURS 2821|NURS 2602
NURS 3016|BIOL 2200
NURS 3016|BIOL 2230
NURS 3016|BIOL 2240
NURS 3016|NURS 2602
NURS 3016|NURS 2821
NURS 3026|BIOL 2200
NURS 3026|BIOL 2230
NURS 3026|BIOL 2240
NURS 3080|BIOL 2230
NURS 3080|BIOL 2240
NURS 3080|NURS 3016
NURS 3080|NURS 3082
NURS 3080|NURS 3221
NURS 3082|CHEM 2070
NURS 3082|NURS 3016
NURS 3082|NURS 2821
NURS 3082|NURS 3080
NURS 3082|NURS 3221
NURS 3100|BIOL 2200
NURS 3100|BIOL 2230
NURS 3100|BIOL 2240
NURS 3221|NURS 2602
NURS 3221|NURS 2821
NURS 3221|NURS 3080
NURS 3221|NURS 3082
NURS 3221|NURS 3221
NURS 3633|NURS 3080
NURS 3633|NURS 3082
NURS 3633|NURS 3221
NURS 3633|NURS 3635
NURS 3633|NURS 3640
NURS 3633|NURS 3633
NURS 3635|NURS 3080
NURS 3635|NURS 3082
NURS 3635|NURS 3221
NURS 3635|NURS 3633
NURS 3635|NURS 3640
NURS 3635|NURS 3635
NURS 3640|NURS 2602
NURS 3640|NURS 3633
NURS 3640|NURS 3635
NURS 4222|MATH 1201
NURS 4222|NURS 3640
NURS 4222|NURS 4415
NURS 4222|NURS 4417
NURS 4222|NURS 4222
NURS 4415|NURS 3221
NURS 4415|NURS 3633
NURS 4415|NURS 3635
NURS 4415|NURS 4417
NURS 4415|NURS 4222
NURS 4415|NURS 4415
NURS 4417|NURS 3221
NURS 4417|NURS 3633
NURS 4417|NURS 3635
NURS 4417|NURS 4222
NURS 4417|NURS 4415
NURS 4417|NURS 4417
NURS 4510|NURS 3026
NURS 4510|NURS 3100
NURS 4510|NURS 3610
NURS 4510|NURS 4512
NURS 4512|NURS 3026
NURS 4512|NURS 3100
NURS 4512|NURS 3610
NURS 4512|NURS 4222
NURS 4512|NURS 4510
NURS 4610|NURS 3026
NURS 4610|NURS 3100
NURS 4610|NURS 4612
NURS 4612|NURS 3026
NURS 4612|NURS 3100
NURS 4612|NURS 4222
NURS 4612|NURS 3010
NURS 4612|NURS 4610
NURS 4833|NURS 3221
NURS 4833|NURS 4222
NURS 4833|NURS 4840
NURS 4833|NURS 4920
NURS 4833|NURS 4833
NURS 4840|NURS 3640
NURS 4840|NURS 4222
NURS 4840|NURS 4833
NURS 4840|NURS 4920
NURS 4920|NURS 4415
NURS 4920|NURS 4417
NURS 4920|NURS 4833
NURS 4920|NURS 4840
NURS 5411|NURS 5422
NURS 5433|NURS 5411
NURS 5433|NURS 5422
NURS 5951|NURS 5951
NURS 5952|NURS 5951
NURS 5952|NURS 5952
NURS 6000|NURS 6455
NURS 6100|NURS 6000
NURS 6455|NURS 6011
NURS 6455|NURS 6558
NURS 6588|NURS 6455
NURS 6598|NURS 6588
NURS 6608|NURS 6588
NURS 6608|NURS 6588
NURS 6752|NURS 6000
NURS 6752|NURS 6100
NURS 6752|NURS 6435
NURS 6752|NURS 6548
NURS 6752|NURS 6100
NURS 6752|NURS 6548
NURS 6754|NURS 6752
NURS 6880|NURS 6100
NURS 6880|NURS 6752
NURS 6880|NURS 6585
NURS 6880|NURS 6598
NURS 6880|NURS 6608
NURS 6901|NURS 6980
NURS 6980|NURS 6901
PHIL 3100|PHIL 2100
PHIL 3110|PHIL 2100
PHIL 4100|PHIL 3100
PHYS 1000|MATH 1101
PHYS 1000|MATH 1103
PHYS 1000|MATH 1201
PHYS 1000|MATH 1203
PHYS 1000|MATH 1301
PHYS 1000|MATH 1303
PHYS 1000|MATH 1401
PHYS 1000|MATH 1402
PHYS 1000|MATH 1403
PHYS 1000|MATH 1601
PHYS 1000|MATH 2210
PHYS 2000|MATH 1601
PHYS 2000|PHYS 2500
PHYS 2010|PHYS 2000
PHYS 2010|PHYS 2510
PHYS 2500|MATH 2210
PHYS 2500|MATH 2220
PHYS 2510|MATH 2220
PHYS 2510|PHYS 2500
PHYS 2600|PHYS 2510
PHYS 2600|MATH 2310
PHYS 2700|MATH 2310
PHYS 2700|PHYS 1500
PHYS 2700|PHYS 2510
PHYS 2700|PHYS 2510
PHYS 2700|MATH 2320
PHYS 3050|MATH 3012
PHYS 3050|PHYS 3050
PHYS 3050|MATH 3013
PHYS 3050|MATH 3012
PHYS 3050|PHYS 1000
PHYS 3100|MATH 2310
PHYS 3100|MATH 2320
PHYS 3100|PHYS 1500
PHYS 3100|PHYS 2510
PHYS 3200|PHYS 2510
PHYS 3200|PHYS 3100
PHYS 3400|PHYS 2700
PHYS 3400|PHYS 3100
PHYS 3400|PHYS 2700
PHYS 3500|PHYS 2700
PHYS 3500|PHYS 3100
PHYS 3600|PHYS 2600
PHYS 3600|PHYS 3100
PHYS 3600|PHYS 3300
PHYS 4400|PHYS 3400
PHYS 4600|PHYS 3600
PHYS 4700|PHYS 2700
PHYS 4700|PHYS 3100
PHYS 4700|PHYS 3200
PHYS 4700|PHYS 3400
PHYS 4800|PHYS 3800
PHYS 4800|PHYS 3200
PHYS 4800|PHYS 3400
PHYS 5100|PHYS 3100
PHYS 5400|PHYS 4400
PHYS 5700|PHYS 4700
PHYS 5700|PHYS 4700
PSCI 5751|PSCI 5751
PSCI 5751|PSCI 5752
PSCI 5751|PSCI 5753
PSCI 5752|PSCI 5751
PSCI 5752|PSCI 5752
PSCI 5752|PSCI 5753
PSCI 5753|PSCI 5751
PSCI 5753|PSCI 5752
PSCI 5753|PSCI 5753
PSCI 5951|PSCI 5951
PSCI 5951|PSCI 5952
PSCI 5951|PSCI 5953
PSCI 5952|PSCI 5951
PSCI 5952|PSCI 5952
PSCI 5952|PSCI 5953
PSCI 5953|PSCI 5951
PSCI 5953|PSCI 5952
PSCI 5953|PSCI 5953
PORT 1112|PORT 1111
PSYC 1101|PSYC 1100
PSYC 2201|PSYC 1100
PSYC 3303|PSYC 2201
PSYC 3303|CD 2240
PSYC 3305|PSYC 2201
PSYC 3305|CD 2240
PSYC 3311|PSYC 2210
PSYC 3311|PSYC 2211
PSYC 3318|PSYC 1100
PSYC 3331|PSYC 1100
PSYC 3333|PSYC 1100
PSYC 3334|PSYC 1100
PSYC 3339|PSYC 1100
PSYC 3340|PSYC 1100
PSYC 3341|PSYC 1100
PSYC 3351|PSYC 1100
PSYC 3355|PSYC 1100
PSYC 3355|PSYC 1101
PSYC 3355|PSYC 2210
PSYC 3355|PSYC 2211
PSYC 3357|PSYC 1100
PSYC 3357|PSYC 1101
PSYC 3357|PSYC 2210
PSYC 3357|PSYC 2220
PSYC 3357|PSYC 2211
PSYC 3358|PSYC 2201
PSYC 3358|CD 2240
PSYC 3359|PSYC 1100
PSYC 3359|PSYC 1101
PSYC 3359|PSYC 2210
PSYC 3359|PSYC 2220
PSYC 3359|PSYC 2211
PSYC 3360|PSYC 1100
PSYC 3360|PSYC 1101
PSYC 3360|PSYC 2210
PSYC 3360|PSYC 2220
PSYC 3360|PSYC 2211
PSYC 3362|PSYC 1100
PSYC 3362|PSYC 1101
PSYC 3362|PSYC 2210
PSYC 3362|PSYC 2220
PSYC 3362|PSYC 2211
PSYC 3363|PSYC 1100
PSYC 3363|PSYC 1101
PSYC 3363|PSYC 2210
PSYC 3363|PSYC 2220
PSYC 3363|PSYC 2211
PSYC 3364|PSYC 1100
PSYC 3364|PSYC 1101
PSYC 3364|PSYC 2210
PSYC 3364|PSYC 2220
PSYC 3364|PSYC 2211
PSYC 3365|PSYC 1100
PSYC 3365|PSYC 1101
PSYC 3365|PSYC 2210
PSYC 3365|PSYC 2220
PSYC 3365|PSYC 2211
PSYC 3367|PSYC 1100
PSYC 3367|PSYC 2220
PSYC 3372|PSYC 2201
PSYC 3377|PSYC 1100
PSYC 3377|PSYC 1101
PSYC 3377|PSYC 2210
PSYC 3377|PSYC 2220
PSYC 3377|PSYC 2211
PSYC 3382|PSYC 1100
PSYC 3385|PSYC 1100
PSYC 3386|PSYC 1100
PSYC 3386|PSYC 1101
PSYC 3386|PSYC 2210
PSYC 3386|PSYC 2220
PSYC 3386|PSYC 2211
PSYC 3387|PSYC 1100
PSYC 3390|PSYC 1100
PSYC 3391|PSYC 1100
PSYC 3391|PSYC 2201
PSYC 3391|CD 2240
PSYC 4410|PSYC 2210
PSYC 4421|PSYC 2201
PSYC 4421|PSYC 3311
PSYC 4422|PSYC 3311
PSYC 4422|PSYC 3386
PSYC 4422|PSYC 3390
PSYC 4423|PSYC 3311
PSYC 4423|PSYC 3363
PSYC 4424|PSYC 3311
PSYC 4424|PSYC 3382
PSYC 4425|PSYC 3311
PSYC 4425|PSYC 3385
PSYC 4426|PSYC 3311
PSYC 4426|PSYC 3362
PSYC 4427|PSYC 3311
PSYC 4427|PSYC 3360
PSYC 4427|PSYC 3364
PSYC 4433|PSYC 3311
PSYC 4433|PSYC 3363
PSYC 4468|NSCI 3368
PSYC 4468|PSYC 3368
PSYC 4468|SSCI 3368
PSYC 4468|PSYC 4468
PSYC 4468|NSCI 4468
PSYC 4468|SSCI 4468
PSYC 5538|PSYC 3333
PSYC 5538|PSYC 3363
PSYC 6638|PSYC 6638
PSYC 6643|PSYC 6641
PSYC 6665|PSYC 3390
PSYC 6665|PSYC 3390
PSYC 6671|PSYC 6871
PSYC 6672|PSYC 6671
PSYC 6672|PSYC 6872
PSYC 6871|PSYC 6671
PSYC 6872|PSYC 6672
PSYC 6891|PSYC 6640
PSYC 6891|PSYC 6640
PSYC 6892|PSYC 6640
PSYC 6893|PSYC 6640
PSYC 6893|PSYC 6640
PSYC 6952|PSYC 6640
PSYC 6952|PSYC 6641
PSYC 6953|PSYC 6640
PSYC 6953|PSYC 6641
PSYC 6954|PSYC 6640
PSYC 6954|PSYC 6641
PSYC 6955|PSYC 6640
PSYC 6955|PSYC 6641
PSYC 6971|PSYC 6671
PSYC 6971|PSYC 6672
PSYC 6971|PSYC 6871
PSYC 6971|PSYC 6872
PSYC 6972|PSYC 6671
PSYC 6972|PSYC 6672
PSYC 6972|PSYC 6871
PSYC 6972|PSYC 6872
PSYC 6974|PSYC 6640
PSYC 6974|PSYC 6641
PA 4620|PA 3800
PA 4630|PA 3800
PA 5680|ACCT 2110
PA 5753|PA 5753
PA 5753|PA 5755
PA 6300|PA 6030
PA 6800|PA 6110
PA 6800|PA 6030
SERR 1112|SERR 1111
SSCI 3250|CAL 3250
SSCI 3250|SSCI 3250
SSCI 3250|NSCI 3250
SSCI 4468|NSCI 3368
SSCI 4468|PSYC 3368
SSCI 4468|SSCI 3368
SSCI 4468|PSYC 4468
SSCI 4468|NSCI 4468
SSCI 4468|SSCI 4468
SSCI 5950|SSCI 5950
SW 3002|SW 3001
SW 3022|SW 3021
SW 3200|SW 3001
SW 3200|SW 3021
SW 3250|SW 3001
SW 3250|SW 3021
SW 4001|SW 3002
SW 4001|SW 3022
SW 4002|SW 4001
SW 4011|SW 3002
SW 4011|SW 3022
SW 4012|SW 4001
SW 4012|SW 4011
SW 5973|SW 3010
SW 6011|SW 6041
SW 6011|SW 6042
SW 6012|SW 6011
SW 6013|SW 6012
SW 6014|SW 6013
SW 6021|SW 6081
SW 6022|SW 6021
SW 6022|SW 6082
SW 6023|SW 6022
SW 6023|SW 6083
SW 6024|SW 6023
SW 6024|SW 6084
SW 6032|SW 6041
SW 6032|SW 6042
SW 6042|SW 6041
SW 6062|SW 6061
SW 6063|SW 6062
SW 6064|SW 6063
SW 6081|SW 6021
SW 6082|SW 6081
SW 6082|SW 6022
SW 6083|SW 6082
SW 6083|SW 6023
SW 6084|SW 6083
SW 6084|SW 6024
SOC 3010|SOC 1000
SOC 3020|SOC 1000
SOC 3020|SOC 1000
SOC 3110|SOC 1000
SOC 3300|SOC 1000
SOC 3360|SOC 1000
SOC 3390|SOC 1000
SOC 3400|SOC 1000
SOC 3500|SOC 1000
SOC 3540|SOC 1000
SOC 3550|SOC 1000
SOC 3560|SOC 1000
SOC 3600|SOC 1000
SOC 3700|SOC 1000
SOC 3750|SOC 1000
SOC 3800|SOC 1000
SOC 4100|SOC 1000
SOC 5440|SOC 3010
SOC 5440|SOC 3070
SOC 5440|SOC 3110
SOC 5753|SOC 1000
SOC 5953|SOC 1000
SOC 5972|SOC 5971
SPAN 1112|SPAN 1111
SPAN 3051|SPAN 2112
SPAN 3051|SPAN 2252
SPAN 3061|SPAN 2262
SPAN 3303|SPAN 3301
SPAN 3303|SPAN 3302
SPAN 4403|SPAN 3301
SPAN 4403|SPAN 3302
SPAN 4403|SPAN 4404
SPAN 4407|SPAN 3301
SPAN 4411|SPAN 3301
SPAN 5502|SPAN 3301
SPAN 5502|SPAN 3302
SPAN 5502|SPAN 3303
SPAN 5502|SPAN 3305
SPAN 5502|SPAN 3307
SPAN 5502|SPAN 3309
SPAN 5502|SPAN 4402
SPAN 5502|SPAN 4403
SPAN 5502|SPAN 4404
SPAN 5504|SPAN 3301
SPAN 5504|SPAN 3302
SPAN 5504|SPAN 3303
SPAN 5504|SPAN 3305
SPAN 5504|SPAN 3307
SPAN 5504|SPAN 3309
SPAN 5504|SPAN 4402
SPAN 5504|SPAN 4403
SPAN 5504|SPAN 4404
SPAN 5506|SPAN 3301
SPAN 5506|SPAN 3302
SPAN 5506|SPAN 3303
SPAN 5506|SPAN 3305
SPAN 5506|SPAN 3307
SPAN 5506|SPAN 3309
SPAN 5506|SPAN 4402
SPAN 5506|SPAN 4403
SPAN 5506|SPAN 4404
SPAN 6608|SPAN 6606
SPAN 6620|SPAN 6606
SPAN 6625|SPAN 6606
SPAN 6630|SPAN 6606
SPAN 6650|SPAN 6606
SPAN 6651|SPAN 6606
SPAN 6653|SPAN 6606
SPAN 6654|SPAN 6606
SPAN 6655|SPAN 6606
SPAN 6656|SPAN 6606
SCM 3040|ADMN 2100
SCM 3500|ADMN 2100
SCM 3500|IST 3500
SCM 4450|SCM 3040
SCM 4700|SCM 3040
SCM 4750|ADMN 2100
SCM 5915|SCM 3040
SCM 5930|SCM 3040
SCM 6110|SCM 6070
SCM 6600|SCM 6070
SCM 6620|IST 6090
SCM 6620|IST 6620
SCM 6620|SCM 6620
TA 2132|TA 2131
TA 3143|TA 1140
TA 3143|TA 2131
TA 3240|TA 1140
TA 3240|TA 1141
TA 3310|TA 2131
TA 3320|TA 2132
TA 3320|TA 2132
TA 3330|TA 2132
TA 3340|TA 2132
TA 3350|TA 2132
TA 3711|TA 2711
TA 3712|TA 2712
TA 3713|TA 2713
TA 3714|TA 2714
TA 4171|TA 4170
TA 4242|TA 3240
TA 4330|TA 2131
TA 4340|TA 2131
TA 4350|TA 2131
TA 4450|TA 3410
TA 4451|TA 4440
TA 4510|TA 3240
TA 4643|TA 1140
TA 4643|TA 2131
TA 5440|TA 4440
