ID|Last_Name|First_Name|Password
1|James|Smith|1
2|Mary|Johnson|2
3|Robert|Williams|3
4|Patricia|Brown|4
5|John|Jones|5
6|Jennifer|Garcia|6
7|Michael|Miller|7
8|Linda|Davis|8
9|David|Rodriguez|9
10|Elizabeth|Martinez|10
11|William|Hernandez|11
12|Barbara|Lopez|12
13|Richard|Gonzalez|13
14|Susan|Wilson|14
15|Joseph|Anderson|15
16|Jessica|Thomas|16
17|Thomas|Taylor|17
18|Sarah|Moore|18
19|Christopher|Jackson|19
20|Karen|Martin|20
21|Charles|Lee|21
22|Lisa|Perez|22
23|Daniel|Thompson|23
24|Nancy|White|24
25|Matthew|Harris|25
26|Betty|Sanchez|26
27|Anthony|Clark|27
28|Sandra|Ramirez|28
29|Mark|Lewis|29
30|Margaret|Robinson|30
31|Donald|Walker|31
32|Ashley|Young|32
33|Steven|Allen|33
34|Kimberly|King|34
35|Andrew|Wright|35
36|Emily|Scott|36
37|Paul|Torres|37
38|Donna|Nguyen|38
39|Joshua|Hill|39
40|Michelle|Flores|40
41|Kenneth|Green|41
42|Carol|Adams|42
43|Kevin|Nelson|43
44|Amanda|Baker|44
45|Brian|Hall|45
46|Melissa|Rivera|46
47|George|Campbell|47
48|Deborah|Mitchell|48
49|Timothy|Carter|49
50|Stephanie|Roberts|50
